<?xml version="1.0" standalone="yes"?>
<xs:schema id="NewDataSet" xmlns="" xmlns:xs="http://www.w3.org/2001/XMLSchema" xmlns:msdata="urn:schemas-microsoft-com:xml-msdata">
  <xs:element name="NewDataSet" msdata:IsDataSet="true" msdata:UseCurrentLocale="true">
    <xs:complexType>
      <xs:choice minOccurs="0" maxOccurs="unbounded">
        <xs:element name="Table1">
          <xs:complexType>
            <xs:sequence>
              <xs:element name="BillNo" type="xs:string" minOccurs="0" />
              <xs:element name="BillDate" type="xs:dateTime" minOccurs="0" />
              <xs:element name="AdmissionNo" type="xs:string" minOccurs="0" />
              <xs:element name="StudentName" type="xs:string" minOccurs="0" />
              <xs:element name="ClassName" type="xs:string" minOccurs="0" />
              <xs:element name="StreamName" type="xs:string" minOccurs="0" />
              <xs:element name="StudyMode" type="xs:string" minOccurs="0" />
              <xs:element name="ContactNo" type="xs:string" minOccurs="0" />
              <xs:element name="TermNo" type="xs:string" minOccurs="0" />
              <xs:element name="PaymentMode" type="xs:string" minOccurs="0" />
              <xs:element name="GrandTotal" type="xs:decimal" minOccurs="0" />
              <xs:element name="TotalPayment" type="xs:decimal" minOccurs="0" />
              <xs:element name="PaymentDue" type="xs:decimal" minOccurs="0" />
              <xs:element name="mpesacode" type="xs:string" minOccurs="0" />
              <xs:element name="TotalandPrevdue" type="xs:decimal" minOccurs="0" />
              <xs:element name="BBF" type="xs:decimal" minOccurs="0" />
              <xs:element name="LS_Id" type="xs:int" minOccurs="0" />
              <xs:element name="BillID" type="xs:int" minOccurs="0" />
              <xs:element name="FeeName" type="xs:string" minOccurs="0" />
              <xs:element name="TotalAmount" type="xs:decimal" minOccurs="0" />
              <xs:element name="PaidAmt" type="xs:decimal" minOccurs="0" />
              <xs:element name="Balance" type="xs:decimal" minOccurs="0" />
              <xs:element name="GuestName" type="xs:string" minOccurs="0" />
              <xs:element name="ContactNo1" type="xs:string" minOccurs="0" />
            </xs:sequence>
          </xs:complexType>
        </xs:element>
        <xs:element name="Table2">
          <xs:complexType>
            <xs:sequence>
              <xs:element name="Id" type="xs:int" minOccurs="0" />
              <xs:element name="HotelName" type="xs:string" minOccurs="0" />
              <xs:element name="Address" type="xs:string" minOccurs="0" />
              <xs:element name="ContactNo" type="xs:string" minOccurs="0" />
              <xs:element name="EmailID" type="xs:string" minOccurs="0" />
              <xs:element name="SchoolType" type="xs:string" minOccurs="0" />
              <xs:element name="Physical_location" type="xs:string" minOccurs="0" />
              <xs:element name="SchoolMoto" type="xs:string" minOccurs="0" />
              <xs:element name="Logo" type="xs:base64Binary" minOccurs="0" />
            </xs:sequence>
          </xs:complexType>
        </xs:element>
        <xs:element name="Table3">
          <xs:complexType>
            <xs:sequence>
              <xs:element name="FeeName" type="xs:string" minOccurs="0" />
              <xs:element name="TotalAmount" type="xs:decimal" minOccurs="0" />
            </xs:sequence>
          </xs:complexType>
        </xs:element>
        <xs:element name="Table4">
          <xs:complexType>
            <xs:sequence>
              <xs:element name="ID" type="xs:int" minOccurs="0" />
              <xs:element name="GuestID" type="xs:string" minOccurs="0" />
              <xs:element name="GuestName" type="xs:string" minOccurs="0" />
              <xs:element name="Address" type="xs:string" minOccurs="0" />
              <xs:element name="ClassName" type="xs:string" minOccurs="0" />
              <xs:element name="StreamName" type="xs:string" minOccurs="0" />
              <xs:element name="StudyMode" type="xs:string" minOccurs="0" />
              <xs:element name="ContactNo" type="xs:string" minOccurs="0" />
              <xs:element name="Email" type="xs:string" minOccurs="0" />
              <xs:element name="TermName" type="xs:string" minOccurs="0" />
              <xs:element name="StudentStatus" type="xs:string" minOccurs="0" />
              <xs:element name="Pickuplocation" type="xs:string" minOccurs="0" />
            </xs:sequence>
          </xs:complexType>
        </xs:element>
        <xs:element name="Table5">
          <xs:complexType>
            <xs:sequence>
              <xs:element name="AdmNo" type="xs:int" minOccurs="0" />
              <xs:element name="Studname" type="xs:string" minOccurs="0" />
              <xs:element name="Arrears" type="xs:decimal" minOccurs="0" />
              <xs:element name="ThisTermFee" type="xs:decimal" minOccurs="0" />
              <xs:element name="TotalFee" type="xs:decimal" minOccurs="0" />
              <xs:element name="Paid" type="xs:decimal" minOccurs="0" />
              <xs:element name="Balance" type="xs:decimal" minOccurs="0" />
            </xs:sequence>
          </xs:complexType>
        </xs:element>
        <xs:element name="Table6">
          <xs:complexType>
            <xs:sequence>
              <xs:element name="EID" type="xs:int" minOccurs="0" />
              <xs:element name="Id" type="xs:int" minOccurs="0" />
              <xs:element name="BillNo" type="xs:string" minOccurs="0" />
              <xs:element name="BillDate" type="xs:dateTime" minOccurs="0" />
              <xs:element name="AdmissionNo" type="xs:string" minOccurs="0" />
              <xs:element name="StudentName" type="xs:string" minOccurs="0" />
              <xs:element name="ClassName" type="xs:string" minOccurs="0" />
              <xs:element name="StreamName" type="xs:string" minOccurs="0" />
              <xs:element name="StudyMode" type="xs:string" minOccurs="0" />
              <xs:element name="ContactNo" type="xs:string" minOccurs="0" />
              <xs:element name="TermNo" type="xs:string" minOccurs="0" />
              <xs:element name="TotalPayment" type="xs:decimal" minOccurs="0" />
              <xs:element name="AcademicYear" type="xs:dateTime" minOccurs="0" />
            </xs:sequence>
          </xs:complexType>
        </xs:element>
      </xs:choice>
    </xs:complexType>
  </xs:element>
</xs:schema>