<?xml version="1.0" standalone="yes"?>
<xs:schema id="NewDataSet" xmlns="" xmlns:xs="http://www.w3.org/2001/XMLSchema" xmlns:msdata="urn:schemas-microsoft-com:xml-msdata">
  <xs:element name="NewDataSet" msdata:IsDataSet="true" msdata:UseCurrentLocale="true">
    <xs:complexType>
      <xs:choice minOccurs="0" maxOccurs="unbounded">
        <xs:element name="Table1">
          <xs:complexType>
            <xs:sequence>
              <xs:element name="GuestID" type="xs:string" minOccurs="0" />
              <xs:element name="GuestName" type="xs:string" minOccurs="0" />
              <xs:element name="ClassName" type="xs:string" minOccurs="0" />
              <xs:element name="ContactNo" type="xs:string" minOccurs="0" />
              <xs:element name="Arrears" type="xs:decimal" minOccurs="0" />
              <xs:element name="ThisTermFee" type="xs:decimal" minOccurs="0" />
              <xs:element name="TotalFee" type="xs:decimal" minOccurs="0" />
              <xs:element name="Paid" type="xs:decimal" minOccurs="0" />
              <xs:element name="Balance" type="xs:decimal" minOccurs="0" />
            </xs:sequence>
          </xs:complexType>
        </xs:element>
        <xs:element name="Table2">
          <xs:complexType>
            <xs:sequence>
              <xs:element name="Id" type="xs:int" minOccurs="0" />
              <xs:element name="HotelName" type="xs:string" minOccurs="0" />
              <xs:element name="Address" type="xs:string" minOccurs="0" />
              <xs:element name="ContactNo" type="xs:string" minOccurs="0" />
              <xs:element name="EmailID" type="xs:string" minOccurs="0" />
              <xs:element name="SchoolType" type="xs:string" minOccurs="0" />
              <xs:element name="Physical_location" type="xs:string" minOccurs="0" />
              <xs:element name="SchoolMoto" type="xs:string" minOccurs="0" />
              <xs:element name="Logo" type="xs:base64Binary" minOccurs="0" />
            </xs:sequence>
          </xs:complexType>
        </xs:element>
      </xs:choice>
    </xs:complexType>
  </xs:element>
</xs:schema>